{
  "bundles": [
    {
      "name": "css/bundle.css",
      "files": [
        "css/spectre.min.css",
        "css/spectre-icons.min.css",
        "css/spectre-exp.min.css",
        "css/docs.min.css",
        "css/easy-rpc-styles.css",
        "css/custom.css"
      ]
    },
    {
      "name": "javascript/bundle.js",
      "files": [
        "javascript/umbrella.min.js",
        "javascript/rivets.bundled.min.js",
        "javascript/easy-rpc-javascript.js"
      ]
    }
  ] 
}
